ewas_beta,ewas_p,clpm_beta,clpm_p,converged,sign_opposite
-0.48567278262234,0.00139296885713102,0.316725699691832,1.13951958979897e-10,TRUE,TRUE
-0.431923450556174,0.000392864649613424,0.296751714647918,5.73502356715494e-10,TRUE,TRUE
-0.669348232109098,5.62858407985939e-08,0.370067047937631,2.66453525910038e-15,TRUE,TRUE
-0.573130740529586,0.000155445483624446,0.265566818140736,8.03927398207449e-07,TRUE,TRUE
-0.552976834322496,7.05035870065076e-05,0.28734247896806,1.52440260414721e-09,TRUE,TRUE
-0.472697235697387,0.000529494412296698,0.28671096600639,1.15964637892318e-09,TRUE,TRUE
-0.597223677175627,7.84074715107988e-06,0.284113851277537,9.78804437501424e-09,TRUE,TRUE
-0.496805656205671,7.32071044387968e-05,0.312869457271825,1.29751098754127e-10,TRUE,TRUE
-0.511167722182711,0.000297776989484312,0.318825732268646,4.69140282177705e-11,TRUE,TRUE
-0.848339482698924,1.19034654392966e-08,0.375394968318912,0,TRUE,TRUE
-0.323758929930522,0.00335332867821569,0.302617247790244,2.95941604555594e-08,TRUE,TRUE
-0.438850027777202,9.28306610455357e-05,0.306807706525413,7.80816271639395e-07,TRUE,TRUE
-0.33094308301201,0.012066270558378,0.192596039565951,0.00122594020190148,TRUE,TRUE
-0.678125793863261,1.47708066249832e-07,0.380728067472592,1.77635683940025e-15,TRUE,TRUE
-0.538841065373905,0.000336349454646247,0.27212091435561,6.05188470448326e-08,TRUE,TRUE
-0.516641211226374,0.000533942003563718,0.276252076958746,1.3682010258087e-07,TRUE,TRUE
-0.48488431254013,0.00128656836687801,0.240798344460915,2.92282348479667e-06,TRUE,TRUE
-0.450630939128434,0.00244654671276921,0.314542085215771,2.03152206168511e-09,TRUE,TRUE
-0.449943770833073,0.000214130763313373,0.30241188526961,3.57722460320176e-07,TRUE,TRUE
-0.456229751252374,0.000870544122749137,0.203774925654626,0.00222595222614386,TRUE,TRUE
-0.457245362840282,0.000822118218839092,0.340963447253833,6.66133814775094e-16,TRUE,TRUE
-0.568605300513185,9.90959463945611e-06,0.343172320437205,6.85285161949878e-11,TRUE,TRUE
-0.321341987009081,0.00543145498378754,0.375583236283088,1.99462668604156e-12,TRUE,TRUE
-0.488653835821313,0.000670005591746673,0.303633131611609,1.86403443791505e-08,TRUE,TRUE
-0.510235429951344,9.89069952114586e-05,0.315670866634552,3.45673034196636e-07,TRUE,TRUE
-0.455454140226125,2.92827056861952e-05,0.284532630925659,4.67657306657543e-07,TRUE,TRUE
-0.34706114272933,0.000541678083025844,0.389063473081962,5.45918865668682e-12,TRUE,TRUE
-0.584591872961699,3.41452814484566e-07,0.396753255815443,3.71036534829727e-13,TRUE,TRUE
-0.392157897107719,0.000362802648841646,0.337448356339462,2.06080374987039e-09,TRUE,TRUE
-0.347588840062255,0.00402071898021857,0.291081814230705,1.74328959712255e-07,TRUE,TRUE
-0.440656450662082,0.000248935463098289,0.267637364433481,5.3092978857805e-07,TRUE,TRUE
-0.442960769793596,0.000149127712034118,0.307030447732653,6.01150211831936e-08,TRUE,TRUE
-0.599699401482863,2.10135332512005e-07,0.351330719528345,2.11424211471467e-11,TRUE,TRUE
-0.508988630816118,0.000157280798929984,0.337045555993324,6.26776408552132e-11,TRUE,TRUE
-0.340313841384836,0.00416613502425528,0.280614656757285,6.06102040778822e-07,TRUE,TRUE
-0.361795831889603,0.000963644610172169,0.337767908594417,2.69197348856665e-08,TRUE,TRUE
-0.333175509492653,0.00911229077739713,0.296808933701402,4.02896505047323e-08,TRUE,TRUE
-0.430319547641114,0.000367809383470279,0.354727852056885,6.97331525856271e-10,TRUE,TRUE
-0.446098546674117,0.000122301669578615,0.272173230860099,4.73522301369656e-08,TRUE,TRUE
-0.531990648838339,0.000189336548977626,0.321020524991913,8.42594105598948e-09,TRUE,TRUE
-0.574017564753785,6.51048319934557e-06,0.293085638285763,1.26792198962278e-09,TRUE,TRUE
-0.379820715115883,0.000919748715863707,0.326572752674473,1.53254449131168e-08,TRUE,TRUE
-0.771408199880014,8.60624357127066e-09,0.395643754966908,0,TRUE,TRUE
-0.417443993722355,0.00469838318803393,0.224445265990281,3.78252825683489e-06,TRUE,TRUE
-0.504005970257667,5.80297193589951e-05,0.342851905497634,4.22646362352452e-11,TRUE,TRUE
-0.479817785913828,0.000157802942529297,0.273440937887876,2.82120496297722e-07,TRUE,TRUE
-0.645112967725955,2.43389714664073e-05,0.27245774604917,2.27912779759976e-08,TRUE,TRUE
-0.48336889861045,0.000426142221341021,0.262357081519715,2.07291530607279e-08,TRUE,TRUE
-0.610726055158725,3.51572765959368e-07,0.363487117424561,2.74987810300331e-10,TRUE,TRUE
-0.418057198095316,0.000968080207770278,0.28439587577399,1.00960766058478e-06,TRUE,TRUE
-0.654746866296492,4.00464392556128e-06,0.302911447463099,7.90256748928186e-13,TRUE,TRUE
-0.416583037953179,0.000830940146805177,0.231309919145473,1.21109263850894e-05,TRUE,TRUE
-0.531206172751143,0.00146601392176368,0.237035142089091,1.38316365028146e-08,TRUE,TRUE
-0.634021228185323,3.24424457996384e-06,0.327111154140498,3.50663964532316e-09,TRUE,TRUE
-0.311020114788091,0.0064543878905058,0.247279902808181,8.93820722325245e-06,TRUE,TRUE
-0.345057874413016,0.000355650691723495,0.371210759158136,1.55353641062561e-09,TRUE,TRUE
-0.419503711010708,0.000885281104908877,0.276963122420018,4.31009383117242e-06,TRUE,TRUE
-0.30621967172296,0.0199936845967498,0.285772459160916,3.70046314035477e-07,TRUE,TRUE
-0.625404258273038,1.79002315482834e-06,0.338804294769413,2.09645634186018e-11,TRUE,TRUE
-0.56466472743189,1.41115431884251e-05,0.290886474084899,4.54675519456771e-09,TRUE,TRUE
-0.489502815760657,3.56367591695493e-05,0.311214394997158,1.41112374896224e-07,TRUE,TRUE
-0.500355916116843,3.62359768178806e-05,0.294316374021062,7.51934584597436e-07,TRUE,TRUE
-0.438618418032754,0.000753992958562234,0.306082871785973,2.72757239017096e-09,TRUE,TRUE
-0.513610427812406,3.40992636716576e-05,0.321553212236783,6.71973343635557e-09,TRUE,TRUE
-0.698572070204897,1.42732716624708e-07,0.366320314295021,2.22044604925031e-16,TRUE,TRUE
-0.571166714239428,8.03555724780776e-06,0.219385618051219,4.00838295313566e-05,TRUE,TRUE
-0.613730383492238,3.71825757478031e-10,0.423833292118849,3.28181926079196e-13,TRUE,TRUE
-0.688789868546321,9.52527781790103e-09,0.384894050471741,1.79856129989275e-14,TRUE,TRUE
-0.391180367633524,0.00847019152272392,0.30623948052277,1.37831035473823e-09,TRUE,TRUE
-0.362135022722466,0.000893711777311414,0.287419930895092,1.24374375520819e-05,TRUE,TRUE
-0.564957564201013,2.5905232472437e-05,0.29601902255092,4.46733556813683e-08,TRUE,TRUE
-0.5344540227735,2.30778930145086e-05,0.306340815830162,1.02483705965994e-08,TRUE,TRUE
-0.496504558618794,0.00118412708588787,0.214851449296443,4.46706062939839e-05,TRUE,TRUE
-0.385565708899035,0.00657932427359094,0.26478264645658,1.08639578000336e-07,TRUE,TRUE
-0.328887857173627,0.00318642325643228,0.335840399128735,9.78894743042247e-11,TRUE,TRUE
-0.518082111783032,0.000236868876259603,0.236493464487904,1.96233123972434e-07,TRUE,TRUE
-0.302280747305003,0.00797221888563285,0.258708629461939,1.77632392430738e-05,TRUE,TRUE
-0.491309040297023,1.41846820323942e-05,0.353184162591082,2.92366131304789e-12,TRUE,TRUE
-0.74426709937712,2.04893873976601e-08,0.355896123690814,8.21565038222616e-15,TRUE,TRUE
-0.616635250411453,7.97913799307023e-07,0.330026538319028,2.1656898496758e-10,TRUE,TRUE
-0.620219591102178,2.89446387044254e-06,0.340538358474008,1.37025946145286e-11,TRUE,TRUE
-0.463261935205048,0.000869417780514502,0.337589232076959,7.02215841030807e-10,TRUE,TRUE
-0.619134805882704,6.83948308623969e-05,0.346051835717625,2.37781128120673e-10,TRUE,TRUE
-0.398903938455041,0.00196559383075831,0.306537076404642,2.78325169578153e-08,TRUE,TRUE
-0.541621547555818,8.03347753361724e-05,0.442695861348192,3.33066907387547e-15,TRUE,TRUE
-0.484423036705123,0.000127301300210073,0.287501799192591,3.41938120929086e-07,TRUE,TRUE
-0.437276713445453,0.00128832862340991,0.254551714023785,7.52799034220431e-08,TRUE,TRUE
-0.438320093221218,0.000185359237639485,0.226076658983032,6.70097280162096e-05,TRUE,TRUE
-0.528480779556528,7.47093383729284e-05,0.37727560443424,3.85469434149854e-13,TRUE,TRUE
-0.448088688102753,0.00248274959335308,0.290837214700357,1.11237861144531e-08,TRUE,TRUE
-0.527424784293767,3.09308513361863e-05,0.327598274094752,3.53315154910661e-10,TRUE,TRUE
-0.465366082743286,0.000342492011780995,0.292842903172074,1.58906747760312e-08,TRUE,TRUE
-0.436564506022887,0.00323970963842488,0.270199249435287,3.75044626688137e-07,TRUE,TRUE
-0.303407545057153,0.012397259459416,0.28990372584733,6.12851860370967e-08,TRUE,TRUE
-0.56730006536702,2.21813068112737e-06,0.417219145135998,7.68052288435683e-13,TRUE,TRUE
-0.547407267328132,6.36649293127262e-06,0.288599205464217,4.6995611846512e-09,TRUE,TRUE
-0.466773172431332,0.00260295359064239,0.261264020759136,6.13981265829011e-09,TRUE,TRUE
-0.61520191943297,6.15248753378432e-07,0.327798123596461,7.22599757807529e-12,TRUE,TRUE
-0.409827612858342,0.00307143094302281,0.184789901203472,0.000446157292818494,TRUE,TRUE
-0.592361622575373,2.25099083476701e-05,0.330316739480309,1.61575641755007e-10,TRUE,TRUE
-0.348742051231828,0.000851801080931956,0.312682091799698,6.06041006268043e-08,TRUE,TRUE
-0.418978091904163,4.4292307606859e-05,0.546718688955779,1.11022302462516e-15,TRUE,TRUE
-0.431045796676611,0.000439977376205174,0.347488831928678,8.21697598851756e-10,TRUE,TRUE
-0.402539017212679,0.00313299422739959,0.357607736714478,2.34680719302105e-10,TRUE,TRUE
-0.592130203600157,0.000171521788343605,0.305366762091062,1.71012759508926e-09,TRUE,TRUE
-0.479737855262462,0.000104299886754722,0.316073285357878,2.26659624402714e-09,TRUE,TRUE
-0.914005207538502,1.42563934881159e-08,0.309955715424186,9.10382880192628e-14,TRUE,TRUE
-0.612297098960113,1.06138148680526e-05,0.330927200153344,6.61692922676593e-14,TRUE,TRUE
-0.546587653354507,9.24133124434657e-05,0.381461684586276,5.50670620214078e-14,TRUE,TRUE
-0.275243011010635,0.0365456409333569,0.269666053154082,2.17758433063153e-07,TRUE,TRUE
-0.484060489892825,0.000148864181576854,0.33145718647566,1.12082987335782e-09,TRUE,TRUE
-0.486530048493977,0.000531962388988445,0.313806494124599,9.69278390883233e-09,TRUE,TRUE
-0.459151947552796,0.00216631088228784,0.225376831060358,2.85902002672422e-06,TRUE,TRUE
-0.299368693830749,0.00921997769067445,0.288032912814751,1.49980177899245e-06,TRUE,TRUE
-0.556501847486335,0.000114683220492545,0.302173054394904,5.09944397819595e-09,TRUE,TRUE
-0.470660253714707,0.000486620750537526,0.291845606018629,2.01682130995806e-08,TRUE,TRUE
-0.591241817461305,4.2040508125097e-06,0.304555064389896,1.68096700114972e-07,TRUE,TRUE
-0.439269588173522,0.00020952908621004,0.360361870555315,1.17486020911883e-11,TRUE,TRUE
-0.707763178901871,2.06523777576261e-07,0.306717991309255,6.74249545085104e-11,TRUE,TRUE
-0.210414527679634,0.0644573861820607,0.296091238392515,6.33603987556519e-05,TRUE,TRUE
-0.329172704909931,0.00427111994755106,0.272033438790793,1.65703256778116e-05,TRUE,TRUE
-0.587621274094009,1.03605712704651e-05,0.271358089577541,1.15262807098837e-06,TRUE,TRUE
-0.370819160741269,0.00302751701988434,0.20031571710512,0.000867533249788943,TRUE,TRUE
-0.521836628835683,1.79283689757006e-05,0.354379960334865,3.3963276635518e-11,TRUE,TRUE
-0.348000600653061,0.00481167971308592,0.289054532551305,1.59328161664085e-06,TRUE,TRUE
-0.305567115600003,0.0130843238822615,0.228913022611096,7.5738086710464e-05,TRUE,TRUE
-0.555797452190934,2.09225732502421e-05,0.371816610595945,5.51114709423928e-13,TRUE,TRUE
-0.365211030509832,0.00108888879027253,0.33875798016257,8.5777696057221e-10,TRUE,TRUE
-0.396719991550715,0.000534666677111123,0.190189030749388,0.00016262733903849,TRUE,TRUE
-0.74369876139928,6.05748045096696e-09,0.351786597723296,1.49213974509621e-13,TRUE,TRUE
-0.566634836161204,1.33306573128742e-05,0.262406922539547,1.22892374498917e-05,TRUE,TRUE
-0.398016882999323,0.00280116227819669,0.245346512527979,7.6046946799746e-06,TRUE,TRUE
-0.365605835367239,0.00327428856208551,0.282550798090207,1.96787690587286e-08,TRUE,TRUE
-0.702503806623134,6.23994184459107e-07,0.326007122764761,2.6241897543855e-11,TRUE,TRUE
-0.463775427149497,0.000344646415661115,0.367848478918487,5.86641846211933e-13,TRUE,TRUE
-0.449821692730959,0.000221863985539406,0.372278692924557,7.81441578112663e-12,TRUE,TRUE
-0.503528230750463,0.000599345781911077,0.219680237328636,0.000103009214528216,TRUE,TRUE
-0.477607199909415,2.7094109534652e-05,0.330144844746599,7.43555106375027e-09,TRUE,TRUE
-0.408880426170266,0.00124721434564451,0.391817904132324,3.14859249783694e-13,TRUE,TRUE
-0.406340257061385,0.00366130052549977,0.314612620465808,1.13029585691038e-11,TRUE,TRUE
-0.543706213709508,0.000611085110380774,0.291523692244858,3.71549457867104e-11,TRUE,TRUE
-0.618895973377939,1.88413382285527e-06,0.319407089593791,5.48064593708375e-09,TRUE,TRUE
-0.542231590420611,0.000229289626601507,0.249927327562438,6.66615685318561e-07,TRUE,TRUE
-0.423615444811001,0.00199095116880529,0.308442313138631,3.28171689822909e-09,TRUE,TRUE
-0.461766135087833,0.000586384708285411,0.28575412616281,2.77170337792398e-07,TRUE,TRUE
-0.467277646576171,0.000258670496959698,0.268364135369792,2.85703735203313e-06,TRUE,TRUE
-0.609542807939806,3.26283932769162e-08,0.386384543603411,1.77635683940025e-15,TRUE,TRUE
-0.245537209376641,0.0291946431167793,0.305761553017412,9.46783917932237e-09,TRUE,TRUE
-0.479035047160392,0.000105821239192233,0.362326480638956,2.7331914509432e-11,TRUE,TRUE
-0.448551670592735,0.000216597636880185,0.302029788414518,2.34075936411671e-09,TRUE,TRUE
-0.562892484336437,4.75397795931453e-06,0.323992758111513,1.09059428154978e-11,TRUE,TRUE
-0.169829786754445,0.150121839505617,0.238968699276335,7.69547950663085e-05,TRUE,TRUE
-0.534700212084372,4.5404740025518e-05,0.369698820429567,1.30152089106161e-09,TRUE,TRUE
-0.417565139188254,0.00364936970150837,0.200404428528672,1.90716853876172e-05,TRUE,TRUE
-0.463676798271631,0.000679254871619721,0.350088528239744,3.91242593877905e-13,TRUE,TRUE
-0.576089608871141,1.44842457062717e-06,0.334098296701784,1.32818200881957e-11,TRUE,TRUE
-0.490553701828441,0.000108098050513131,0.324176486381471,7.04392100203677e-12,TRUE,TRUE
-0.460623292674959,0.000512430625291182,0.247769798701291,1.50492944328562e-06,TRUE,TRUE
-0.5849317196145,1.45082621155478e-05,0.363190178008832,5.53490586696626e-12,TRUE,TRUE
-0.400007666052294,0.00457121911822828,0.269996111555371,5.42261331615279e-07,TRUE,TRUE
-0.277255272675442,0.0106297037731059,0.269114866246797,9.75922852464173e-05,TRUE,TRUE
-0.33257568588381,0.00930896634358839,0.29238085692372,5.27879803424725e-07,TRUE,TRUE
-0.438561684585521,0.0012451957918062,0.245204221935456,1.02549750269354e-06,TRUE,TRUE
-0.576187139381357,2.45884463918035e-05,0.300462947198142,1.90548715028882e-07,TRUE,TRUE
-0.430438725940057,0.00110514492310246,0.322141374578384,4.78031392248113e-10,TRUE,TRUE
-0.453496434481239,0.00133185065904565,0.249041728493671,1.20549696907002e-05,TRUE,TRUE
-0.514650977019842,1.30822747902621e-05,0.376727359902901,4.99844610146738e-12,TRUE,TRUE
-0.450951565416177,0.000172835249439533,0.329630601038712,2.81095005050247e-08,TRUE,TRUE
-0.470490582776399,0.00261798617940835,0.270834818460325,4.86515758790773e-08,TRUE,TRUE
-0.428841903756073,0.000421491311280999,0.333642882249963,4.9608622543218e-08,TRUE,TRUE
-0.252917770878279,0.0746208746345832,0.223803245985501,0.000133502049688206,TRUE,TRUE
-0.418342255095668,0.00733279885282978,0.208866178283117,1.34930860136162e-05,TRUE,TRUE
-0.144620146211858,0.309020730221555,0.17970702264949,3.21372726661551e-05,TRUE,TRUE
-0.237927876760939,0.0257097536680139,0.262285494744279,9.8891966079373e-05,TRUE,TRUE
-0.733348532869042,2.39400514944359e-08,0.297032029166171,3.53676359310384e-08,TRUE,TRUE
-0.373133290792278,0.0010572746020214,0.307404851384228,2.87597930803685e-07,TRUE,TRUE
-0.428502160062635,0.00106087174691751,0.255545328908191,1.00349469485117e-05,TRUE,TRUE
-0.24921304196369,0.0503404097304732,0.302754343973373,1.44262690127128e-06,TRUE,TRUE
-0.549416152552895,3.76982096226483e-06,0.323280326597436,8.60680415826209e-11,TRUE,TRUE
-0.689448678936819,8.58770132792457e-07,0.298043659509144,7.10757008803853e-10,TRUE,TRUE
-0.622431929657052,6.51201869036228e-06,0.347224413108757,7.61612994892857e-14,TRUE,TRUE
-0.443419929238079,0.00019370529770353,0.320120928036053,2.1616201806296e-07,TRUE,TRUE
-0.501806739340388,6.1863248668635e-05,0.387773043519549,3.05977465586693e-13,TRUE,TRUE
-0.418377903981885,0.000845153299007227,0.272224246826384,2.34679746746735e-08,TRUE,TRUE
-0.515226601743636,2.40021636614498e-05,0.322554992560488,5.04722930116941e-11,TRUE,TRUE
-0.441282859489944,0.00129418609968922,0.285247689039394,2.23315243408351e-07,TRUE,TRUE
-0.49680568108232,0.000607662384869798,0.24706358466498,6.48754481247238e-08,TRUE,TRUE
-0.58503597476883,5.57228189159644e-06,0.387739804689432,2.88657986402541e-15,TRUE,TRUE
-0.339488595304039,0.0100432304547509,0.237920068824056,5.08371914698103e-06,TRUE,TRUE
-0.342030549896898,0.0124766024218899,0.273455976156634,1.26194385607903e-06,TRUE,TRUE
-0.476924755452093,0.000234624695833865,0.386920715154366,3.39062111720523e-13,TRUE,TRUE
-0.466840740040392,0.000161753009460109,0.277815555096237,5.57853985228007e-08,TRUE,TRUE
-0.421459045885971,9.54024804764917e-05,0.334558045140156,1.13577163229905e-08,TRUE,TRUE
-0.639673224975628,3.83686357418485e-06,0.284936878892515,7.96784860312982e-12,TRUE,TRUE
-0.500456234259883,0.000213621216791858,0.248588364084691,3.9538703422437e-07,TRUE,TRUE
-0.485874467044846,0.000750908168231255,0.32828559362485,2.78923550922627e-11,TRUE,TRUE
-0.454260883148332,0.00121722405159759,0.290291378430778,1.3735139092752e-07,TRUE,TRUE
-0.546353172885265,4.37307560503428e-05,0.357352881715206,2.64210875400295e-12,TRUE,TRUE
-0.531950772488525,4.39723674741782e-06,0.392425805621696,2.44249065417534e-15,TRUE,TRUE
-0.493650847493408,0.000287344646540584,0.377612074694916,1.20201626430116e-11,TRUE,TRUE
-0.513833624866356,3.41876952789221e-05,0.369755392248054,8.10684852581289e-13,TRUE,TRUE
-0.354728453436663,0.00174732862665783,0.320015279165107,5.9956962505936e-08,TRUE,TRUE
-0.178111807234872,0.187380583991074,0.178072909099146,0.000988010307088505,TRUE,TRUE
-0.717702324404426,2.86057369402368e-07,0.308338794048945,1.19488863248307e-11,TRUE,TRUE
-0.391880284795389,0.00500014731167394,0.279954428686426,5.67487079550233e-09,TRUE,TRUE
-0.369717082321444,0.00563162296615753,0.233504001823082,1.59721631951548e-05,TRUE,TRUE
-0.400037315986176,0.00831949229952558,0.242054261043799,4.6611501134386e-06,TRUE,TRUE
-0.445356198479266,0.000191209063034687,0.290432888866323,1.22969172644538e-06,TRUE,TRUE
-0.512829417288981,3.82790148261865e-05,0.35893978419747,4.86757523177062e-10,TRUE,TRUE
-0.353396706529585,0.0152207215247313,0.287877875157743,1.07927999870583e-09,TRUE,TRUE
-0.48718842181068,1.94934530004464e-05,0.291511310406068,9.34475850034033e-08,TRUE,TRUE
-0.629607619102622,1.56820184604977e-07,0.413204965809424,2.22044604925031e-16,TRUE,TRUE
-0.604848178134894,4.26142247773281e-05,0.287341749234656,4.83372719628505e-09,TRUE,TRUE
-0.44672929487194,0.000117864605576809,0.252227444884766,2.58169431832656e-07,TRUE,TRUE
-0.491459327863901,0.000285359709459686,0.282083555745795,4.05327016395063e-09,TRUE,TRUE
-0.346541458379658,0.000529133203392686,0.336420202868726,6.99970037487674e-09,TRUE,TRUE
-0.376440976897087,0.000841050232991568,0.350652966641048,3.75112829686941e-10,TRUE,TRUE
-0.449118355305992,0.0017356041496201,0.23878323058353,3.20787956842317e-06,TRUE,TRUE
-0.640967937524866,7.713086310853e-07,0.307418273235727,2.37603270392128e-11,TRUE,TRUE
-0.529416370680994,0.000113838284320981,0.393610587493944,1.774136393351e-12,TRUE,TRUE
-0.559742704970349,5.43146243484257e-05,0.275258919557598,1.0984129206193e-07,TRUE,TRUE
-0.583224636600032,1.76591487450753e-06,0.319263057702542,4.54304815988849e-10,TRUE,TRUE
-0.432067817495384,0.000168513454688439,0.284871172021341,1.19495942030312e-08,TRUE,TRUE
-0.451740074940928,0.0017459086282877,0.231650536254417,4.13652462150083e-06,TRUE,TRUE
-0.443589071133135,0.000483710333986926,0.272056458745011,4.73054497795999e-08,TRUE,TRUE
-0.506585941153965,4.3484688538619e-05,0.335350974950327,1.92832727563541e-09,TRUE,TRUE
-0.36736762366261,0.0018870621254839,0.324114134874778,7.75994912771694e-09,TRUE,TRUE
-0.671789661630959,1.63763137910145e-05,0.338731854218847,3.5527136788005e-15,TRUE,TRUE
-0.680569922047111,1.35111013774348e-06,0.284461869348175,4.05868294528489e-09,TRUE,TRUE
-0.362959823191915,0.0074635930886507,0.291755669229535,1.11573097427708e-08,TRUE,TRUE
-0.555149606014575,0.000255938121122107,0.292611044909932,2.48931764090798e-10,TRUE,TRUE
-0.401577713374271,0.000484350743969819,0.367155718052535,6.33303498531745e-09,TRUE,TRUE
-0.592390150463493,7.91013969873026e-07,0.388726680507019,0,TRUE,TRUE
-0.574444502172564,3.64882821589242e-06,0.303882706250082,3.12516856837419e-09,TRUE,TRUE
-0.341686955064391,0.00496015194332718,0.311772335361621,4.69482390741405e-08,TRUE,TRUE
-0.485963622380058,8.2016903064919e-05,0.25852014247089,2.39762386389231e-07,TRUE,TRUE
-0.684205824667152,1.24322213658049e-06,0.302799633839831,1.04265795997094e-09,TRUE,TRUE
-0.628447901452431,6.22751787848893e-06,0.352683488655887,1.64157576421076e-12,TRUE,TRUE
-0.544555206002497,4.37534669270605e-05,0.34562552302778,2.34834374168713e-11,TRUE,TRUE
-0.578648294877819,0.000108757849404156,0.258771326405967,1.02971941196017e-07,TRUE,TRUE
-0.43285136921671,8.86392099651692e-05,0.341467387652641,1.99954941493274e-10,TRUE,TRUE
-0.513366173783338,2.25273358497711e-06,0.218869605078977,6.25349908740525e-05,TRUE,TRUE
-0.347152701035915,0.00183453731843963,0.266107828754247,0.000127331280627141,TRUE,TRUE
-0.533850455069589,3.25748251443167e-05,0.320884342468646,4.23288071260686e-11,TRUE,TRUE
-0.522464523644199,8.87296617801462e-06,0.302339478464386,9.02202135222296e-09,TRUE,TRUE
-0.101324548348677,0.377880737429191,0.193892006609606,0.00112454470931445,TRUE,TRUE
-0.501728460814595,0.000155078525996851,0.344610573240554,2.21831442104303e-11,TRUE,TRUE
-0.560277338177897,1.02903397394837e-05,0.364379566546508,6.31228402880879e-12,TRUE,TRUE
-0.5521999091972,0.000293186922836298,0.321241430331706,1.32385213902353e-11,TRUE,TRUE
-0.311667920009146,0.00646025545113857,0.300193498650365,4.00408505685235e-07,TRUE,TRUE
-0.349956767849982,0.00558805363154673,0.267106235145525,9.84745111631824e-06,TRUE,TRUE
-0.61900225386028,8.13748479012006e-06,0.32209378093729,6.86295464902287e-12,TRUE,TRUE
-0.464027467043975,0.0012851696826561,0.221454192820942,1.65419960584945e-05,TRUE,TRUE
-0.513145003084331,0.000182873240466499,0.368047667179024,1.84940951442059e-12,TRUE,TRUE
-0.723159190801919,2.64750976144819e-06,0.283120103215848,8.27564905492295e-10,TRUE,TRUE
-0.596204050051066,2.91206609137628e-08,0.483022443768757,0,TRUE,TRUE
-0.583114255063781,0.000277316343205739,0.203491407911088,4.85070897449091e-07,TRUE,TRUE
-0.680300624850554,2.39737322994745e-07,0.391622592951097,5.32907051820075e-15,TRUE,TRUE
-0.308871820002551,0.0111489405476827,0.321645371388289,7.71431758472829e-08,TRUE,TRUE
-0.572738334702199,0.000130690405751298,0.291060463421608,3.62921714902598e-09,TRUE,TRUE
-0.398456465915408,0.000853778377860659,0.265964241162309,8.2686844911084e-06,TRUE,TRUE
-0.394353185783058,0.00245196027402026,0.312373599126128,9.49693612639635e-08,TRUE,TRUE
-0.473380347446341,0.000754372920937163,0.269228083992922,3.96034383065569e-08,TRUE,TRUE
-0.632945206519427,1.7629669181612e-05,0.283181638844383,6.62825350161711e-12,TRUE,TRUE
-0.283270260481044,0.0403404726870644,0.237825039491058,5.33039635541854e-06,TRUE,TRUE
-0.383031893674352,0.00203867293053546,0.259260031651248,4.72264343742701e-06,TRUE,TRUE
-0.427604244842427,0.00638992967869795,0.277791427244619,3.27915916642496e-10,TRUE,TRUE
-0.518206244900982,3.97465879744329e-05,0.259217030031826,6.41710855564526e-07,TRUE,TRUE
-0.531102719181858,0.000675327237973004,0.228040140269242,1.56570773257592e-06,TRUE,TRUE
-0.473305721423884,0.000383933486232394,0.231219836939659,1.33999627727199e-06,TRUE,TRUE
-0.280336921329246,0.035099709319475,0.274297444735222,4.60809439051246e-07,TRUE,TRUE
-0.404728645748422,0.0026176810190401,0.274183398737185,3.50402352466972e-07,TRUE,TRUE
-0.276815292106841,0.052500897016529,0.254929500782138,4.03447528318779e-06,TRUE,TRUE
-0.473451259023921,3.79371858427071e-05,0.341545490690964,2.24648877278355e-09,TRUE,TRUE
-0.425483974420784,0.00288144394217637,0.269623469390711,3.99348734969607e-07,TRUE,TRUE
-0.634197805869819,1.33284408885575e-05,0.295771152664457,1.13528186851397e-09,TRUE,TRUE
-0.474519825106453,0.00154918136474007,0.269251318018769,4.66211873551004e-08,TRUE,TRUE
-0.458271411974777,9.51299736281806e-05,0.366931325241788,6.43699538116493e-10,TRUE,TRUE
-0.324423522548965,0.0113456915028221,0.360276856030166,1.01268105012764e-10,TRUE,TRUE
-0.399204923596467,0.00089276860316092,0.315158030794323,5.0508028692775e-07,TRUE,TRUE
-0.568454996502251,1.8004555965974e-07,0.439058508683028,3.99680288865056e-15,TRUE,TRUE
-0.402365266871126,0.00466611390015253,0.188551829749621,0.00061543689094723,TRUE,TRUE
-0.545801189544238,5.61544826372782e-05,0.347997787127196,1.77835524084458e-12,TRUE,TRUE
-0.414647741544821,0.00393308781830553,0.290322204862935,2.10352245844092e-07,TRUE,TRUE
-0.394515675655935,0.000661915015382758,0.445514540255845,0,TRUE,TRUE
-0.423202429860593,0.00116737161869086,0.326905807795353,2.00609041600686e-07,TRUE,TRUE
-0.606064073427142,5.92857776150185e-06,0.309657551674436,1.21749055281839e-10,TRUE,TRUE
-0.470728063662368,0.000318007084703192,0.28292778709425,3.52727899111116e-07,TRUE,TRUE
-0.204114579909693,0.1004909152205,0.244152609171131,3.09378672060934e-05,TRUE,TRUE
-0.550754462935048,9.00103321402635e-06,0.407995034297952,2.02060590481779e-14,TRUE,TRUE
-0.645932249401739,6.62143944656538e-07,0.37074780066822,2.82751599911535e-12,TRUE,TRUE
-0.354504680925013,0.00188508112292922,0.298952607316914,1.2905285151632e-07,TRUE,TRUE
-0.508681674963927,6.52140261907742e-05,0.352005452232614,1.38818134765017e-09,TRUE,TRUE
-0.493557847930542,0.000716353038433572,0.271335333086829,6.14530870635122e-10,TRUE,TRUE
-0.501748006847921,1.86534923272627e-05,0.377091941436069,5.84127413105762e-10,TRUE,TRUE
-0.529671925560358,0.000111739400672225,0.299394037207916,4.74168326825009e-09,TRUE,TRUE
-0.39840290010369,0.003183113267669,0.296024146979874,9.22288223570433e-09,TRUE,TRUE
-0.51183054602523,0.000469254419593804,0.227130099694658,2.94479287854532e-05,TRUE,TRUE
-0.668411257547649,6.22540583510028e-07,0.254901547812417,2.67035406120719e-06,TRUE,TRUE
-0.399157029366378,0.000613006058592451,0.314928983659052,3.90302530295372e-08,TRUE,TRUE
-0.259330205529947,0.0396474302645677,0.230199451174448,8.85740617344588e-05,TRUE,TRUE
-0.381524184864315,0.00501159291292218,0.242945213314889,2.52281566102131e-05,TRUE,TRUE
-0.602862598653991,1.17586657696556e-05,0.366436176656627,2.06121120172043e-10,TRUE,TRUE
-0.465167792071081,0.000380766285428489,0.239062694716461,7.79782753523861e-06,TRUE,TRUE
-0.401698760683912,0.0014262325284559,0.266336970154547,4.62471022877331e-06,TRUE,TRUE
-0.455419234858636,0.000369458884181096,0.331985174284992,1.84392798807664e-08,TRUE,TRUE
-0.562513454134007,5.71619776115823e-05,0.322356421315502,1.33770772237085e-11,TRUE,TRUE
-0.557625974638815,0.000187409892166772,0.226449321712594,9.46970613036058e-09,TRUE,TRUE
-0.495233828670107,0.00026224875114411,0.325980520838674,1.03757900049573e-08,TRUE,TRUE
-0.550484308559242,9.25026898854698e-05,0.258271961781999,2.3811279614705e-09,TRUE,TRUE
-0.398918512915023,0.00456944553524669,0.219706566163616,0.000452715661393155,TRUE,TRUE
-0.628449817377522,2.94236645535298e-06,0.344913412201599,9.1926466438963e-14,TRUE,TRUE
-0.487639635965824,4.49334825034179e-05,0.319877443853614,6.26290130867346e-11,TRUE,TRUE
-0.46182010285257,0.0002164221063934,0.233887585604853,2.95732731283582e-05,TRUE,TRUE
-0.721594794015031,1.0022790643375e-06,0.302869278976696,8.12683254025615e-14,TRUE,TRUE
-0.380902974285871,0.00550009622683638,0.248825207411671,5.19371853813233e-06,TRUE,TRUE
-0.446717614317255,0.000337828031004181,0.289286905504629,1.07125716963807e-06,TRUE,TRUE
-0.472519813467766,0.000183118192579794,0.280574729508956,2.76384732877943e-08,TRUE,TRUE
-0.416075214035437,0.00050078925681309,0.360372187663887,1.44290890347065e-09,TRUE,TRUE
-0.442470211381522,0.00046127834789444,0.260393566898491,8.3478548518201e-09,TRUE,TRUE
-0.570764034138305,4.41099535011758e-06,0.349422478122594,9.53217504928716e-11,TRUE,TRUE
-0.468228456610975,0.000535649140461198,0.273333596018724,1.31969922101405e-07,TRUE,TRUE
-0.516049080558556,4.71957175053088e-05,0.255784811976225,3.55825888753714e-08,TRUE,TRUE
-0.537015942890528,0.000140725939609528,0.25369992519177,3.01093843191325e-08,TRUE,TRUE
-0.391421797872978,0.00042184454442821,0.231645796574309,0.000113985172708331,TRUE,TRUE
-0.607691005553327,7.26706417456863e-06,0.262030593422668,3.18097108653603e-08,TRUE,TRUE
-0.502075963114471,0.000263128872317092,0.326771438234049,2.17104112465449e-11,TRUE,TRUE
-0.370765033081977,0.000696799071739852,0.249613046387904,4.13158794665414e-06,TRUE,TRUE
-0.527756019402849,1.03806148514667e-05,0.359191902199789,2.23205853799868e-09,TRUE,TRUE
-0.452604444080658,0.000185443024216237,0.313702906044216,2.63096544550479e-09,TRUE,TRUE
-0.372150312155008,0.00592909752047734,0.25245383969685,1.53120724633027e-06,TRUE,TRUE
-0.452312702442134,0.000808433448054299,0.290605636072495,9.34650135064885e-10,TRUE,TRUE
-0.288622519238183,0.0160757034613278,0.274267903558507,7.67111581922997e-06,TRUE,TRUE
-0.453189129196847,0.00207247971568101,0.316717211886678,3.84137166520304e-14,TRUE,TRUE
-0.359592343993583,0.0069464646169366,0.310841353664449,4.71156469394884e-09,TRUE,TRUE
-0.367584034029609,0.00720268304533958,0.277993240121847,4.08635572046734e-08,TRUE,TRUE
-0.437166960392137,0.000294814778306852,0.277047114466598,6.07823003040409e-07,TRUE,TRUE
-0.468166418909857,0.00101325694040045,0.286455987951638,3.42564931976597e-09,TRUE,TRUE
-0.485795375855361,0.000191009002332614,0.351859249838286,2.34268671128746e-09,TRUE,TRUE
-0.595941887690969,7.15827393164526e-06,0.315804358392022,5.24091881004551e-12,TRUE,TRUE
-0.512678921339194,2.67052420641911e-05,0.207037599874135,4.33072944188151e-05,TRUE,TRUE
-0.638700033483588,2.95409361780102e-06,0.272863250604203,7.09819880650997e-08,TRUE,TRUE
-0.350572596941411,0.00295456662664933,0.32236216155264,1.76933523388101e-08,TRUE,TRUE
-0.412545116822052,0.000612079248691723,0.434952088337816,1.30455646285554e-11,TRUE,TRUE
-0.469460647375241,0.0003593502716433,0.343431377387947,2.32165398017514e-11,TRUE,TRUE
-0.538679983083546,1.33445900949635e-05,0.282049776269417,6.29287109310539e-07,TRUE,TRUE
-0.369713892681941,0.000587116911202179,0.314834840812159,9.49161709229429e-08,TRUE,TRUE
-0.411557472837091,0.00122304659389669,0.302206906345702,4.14722478581098e-10,TRUE,TRUE
-0.639982042415316,4.8513144667184e-06,0.259711903088063,4.86365621110707e-08,TRUE,TRUE
-0.735111916288858,4.58801114312722e-07,0.348419682962709,0,TRUE,TRUE
-0.256511862682108,0.0679290657617599,0.260243628590672,1.28666421794765e-05,TRUE,TRUE
-0.596404452055723,9.58545479352608e-07,0.28533346787872,6.82811251984106e-09,TRUE,TRUE
-0.337806233315148,0.0100763680987694,0.267229708767239,4.93812953861195e-07,TRUE,TRUE
-0.728518612345131,1.96983386191781e-09,0.400208934038424,6.83897383169096e-14,TRUE,TRUE
-0.607042921554062,3.76058091536598e-06,0.316099862108158,1.97151850400701e-10,TRUE,TRUE
-0.407084714299233,0.00244267846421954,0.313568501943403,4.91605689489916e-09,TRUE,TRUE
-0.4006788548325,0.00320800464656537,0.29398313878372,9.44902978083917e-09,TRUE,TRUE
-0.50536390043846,0.000680880650268788,0.311447852120526,8.56805737470268e-11,TRUE,TRUE
-0.343365211397597,0.00943472545536742,0.21646546575972,1.19578211617011e-05,TRUE,TRUE
-0.421512080198054,0.000829468070440934,0.273256561777344,3.94520398128151e-07,TRUE,TRUE
-0.377000878189331,0.00063075441333975,0.277298867983048,9.17599089378385e-07,TRUE,TRUE
-0.447672708979736,0.000548339729671357,0.297921372243189,3.80491207430111e-08,TRUE,TRUE
-0.616490048694878,1.28884708801155e-06,0.387390931849494,5.17541565159263e-12,TRUE,TRUE
-0.585283817771289,4.22900981679831e-06,0.319895977646359,1.25059407274364e-08,TRUE,TRUE
-0.473942653139524,0.00274967343045021,0.22463589017375,5.31762279099013e-07,TRUE,TRUE
-0.436623038784807,0.000261067314263422,0.309661536794441,1.05988646526001e-07,TRUE,TRUE
-0.41568579755928,0.00116909430071509,0.364366901084006,3.74162922867072e-11,TRUE,TRUE
-0.46748888030116,0.00160034928870881,0.257217842355736,2.77106297619234e-06,TRUE,TRUE
-0.670074021927424,7.53878985852733e-07,0.300867775259803,2.71855360445272e-09,TRUE,TRUE
-0.585818498960977,2.21604776918467e-05,0.288310823546096,1.20926535451815e-09,TRUE,TRUE
-0.345313727882473,0.0056369741608634,0.241772394718754,1.66807405519442e-05,TRUE,TRUE
-0.372760484333235,0.0203975143250962,0.204871224362121,3.85464256114076e-06,TRUE,TRUE
-0.329648973517529,0.0166241512688123,0.324860228637692,1.50673162835346e-09,TRUE,TRUE
-0.461838198150748,0.000264241567118222,0.308809552611968,1.48312278014373e-08,TRUE,TRUE
-0.608486201438695,3.42181815163785e-06,0.416542349034044,1.15463194561016e-14,TRUE,TRUE
-0.136076448218774,0.3210843237063,0.228260494736449,1.01833591228395e-05,TRUE,TRUE
-0.666546671891347,1.65086954932923e-06,0.334158836887392,1.24344978758018e-14,TRUE,TRUE
-0.411867467630508,0.00255031029106714,0.230303543382363,1.61192707428537e-05,TRUE,TRUE
-0.692170224059093,5.67013764126186e-08,0.370067231456175,0,TRUE,TRUE
-0.267387139893561,0.0516061784811129,0.181507036546222,0.00125094319908725,TRUE,TRUE
-0.543180318078702,6.36824842823906e-06,0.351930966849391,1.29440902441047e-11,TRUE,TRUE
-0.364865455900017,0.0132108172615462,0.248946214807772,3.00079652426621e-05,TRUE,TRUE
-0.33629058225839,0.0095536979933947,0.318039876090529,1.73406533576781e-09,TRUE,TRUE
-0.27796311287678,0.0113357024953458,0.333749962385783,1.147843819993e-08,TRUE,TRUE
-0.34236200352338,0.00319467469987635,0.277338083851332,2.16606889358317e-06,TRUE,TRUE
-0.544030586095421,6.91122490769993e-05,0.308949796075487,9.61949542244156e-09,TRUE,TRUE
-0.27425767039664,0.036030764060612,0.272372029420423,1.5001984987606e-08,TRUE,TRUE
-0.340344288945795,0.00810852024929866,0.368562172279024,1.44769307652837e-10,TRUE,TRUE
-0.596353709043247,1.68307339749601e-05,0.311242477581542,1.47377665626891e-11,TRUE,TRUE
-0.480854648851654,0.00167181890694962,0.323046757015945,8.65973959207622e-15,TRUE,TRUE
-0.424466260763692,0.00067846248917043,0.287839590481704,3.34845484672996e-10,TRUE,TRUE
-0.398560135933204,0.00138861835400748,0.307711781570997,3.71565519463601e-07,TRUE,TRUE
-0.605055869606287,1.99985207898614e-05,0.279661371039807,2.68138844461419e-11,TRUE,TRUE
-0.334589717209931,0.0180153071388249,0.24979085312307,9.76183893808269e-06,TRUE,TRUE
-0.278871576376734,0.0381667225990708,0.304326465649899,3.09364287076619e-07,TRUE,TRUE
-0.563965089396111,7.0929264728466e-06,0.390698188664496,1.20770060618725e-12,TRUE,TRUE
-0.592590677657405,2.84936001353427e-05,0.308793955301221,1.68564229241497e-09,TRUE,TRUE
-0.456986753134599,0.00133204984955033,0.283106820674765,5.10903859218814e-08,TRUE,TRUE
-0.613605570130479,1.80847334707033e-05,0.325447138608099,2.81752399189372e-12,TRUE,TRUE
-0.237360664948677,0.0692052997663214,0.23757597430931,1.99593513208196e-05,TRUE,TRUE
-0.550689575995185,0.000205356762084623,0.357217938779522,4.9915627187147e-13,TRUE,TRUE
-0.435268574926542,0.00102998727679096,0.305422373103087,3.36149736934743e-08,TRUE,TRUE
-0.408700694773063,0.00149580935133887,0.240420575586354,5.40852132369096e-06,TRUE,TRUE
-0.442365815343157,2.57611502758547e-05,0.292836039827876,2.49151810294279e-10,TRUE,TRUE
-0.391913786441948,0.00813332022117408,0.257370239344384,1.67276863471955e-08,TRUE,TRUE
-0.471932373489016,0.000678664152930528,0.308762950410167,1.18976006824312e-09,TRUE,TRUE
-0.447516012815193,0.00117321949674183,0.255793815021324,3.23137625990455e-07,TRUE,TRUE
-0.571547310280294,4.03845252408036e-05,0.343092534034181,4.44089209850063e-15,TRUE,TRUE
-0.601721956065128,2.20737738112872e-05,0.312210401470394,3.88840071252616e-11,TRUE,TRUE
-0.544212847476333,5.98616734325971e-06,0.227539280455987,3.30453902754879e-05,TRUE,TRUE
-0.364952784882873,0.00183290244503719,0.257779935236978,4.39288539610949e-06,TRUE,TRUE
-0.623123847094623,3.3182753280884e-05,0.268770031287514,1.51218013666465e-08,TRUE,TRUE
-0.616594865790515,3.99913446843985e-07,0.366484795097061,1.74971148680925e-13,TRUE,TRUE
-0.488115382448196,1.77908145314132e-05,0.31872914729423,6.18481684977468e-07,TRUE,TRUE
-0.451379745997243,0.000645744857503037,0.230137559862614,2.06764499564027e-05,TRUE,TRUE
-0.39010556264502,0.000834895131345333,0.250722495955796,4.87548819043671e-05,TRUE,TRUE
-0.405301718089297,0.00145146149524738,0.317897268826353,9.9284198196159e-08,TRUE,TRUE
-0.509967160789792,0.000651249152792254,0.276281222131711,9.20433658180286e-08,TRUE,TRUE
-0.458492024467128,0.000357229836936128,0.315585708199403,1.42442724282432e-10,TRUE,TRUE
-0.395374450615069,0.00376364607979893,0.253932187252296,5.86373069433321e-07,TRUE,TRUE
-0.235720804760482,0.0934799249584507,0.214662566710017,3.38323428057397e-05,TRUE,TRUE
-0.421684373340653,0.00376269182598826,0.219513237659679,2.3072757031839e-05,TRUE,TRUE
-0.548497642864414,2.15688625014883e-06,0.346956847594972,1.75339520680495e-10,TRUE,TRUE
-0.44830482997399,0.00127602964370383,0.272562534832385,1.85442631561727e-06,TRUE,TRUE
-0.629242333731635,3.20822131600344e-07,0.293243233092983,7.83092442002698e-08,TRUE,TRUE
-0.429445414903735,0.000989355708414155,0.369449415160768,7.77822251052385e-13,TRUE,TRUE
-0.585983979744852,2.51914723492386e-05,0.376423392164645,1.70974345792274e-14,TRUE,TRUE
-0.564752837085066,6.74781998085352e-06,0.347289995702955,7.46092077008598e-12,TRUE,TRUE
-0.540993710044611,8.56873255610918e-06,0.330043648019882,2.93076674040549e-12,TRUE,TRUE
-0.364288153918843,0.0123473945955951,0.298252243392837,2.2538029664787e-08,TRUE,TRUE
-0.545134345165155,8.09304792793088e-06,0.401087817577381,0,TRUE,TRUE
-0.487701467196252,0.000118814456111553,0.275051868834844,4.99746688475966e-10,TRUE,TRUE
-0.49466988462431,4.82529102201047e-05,0.323751790093757,2.49134601837397e-09,TRUE,TRUE
-0.688155061502606,2.195913581721e-06,0.355276693343056,1.16573417585641e-13,TRUE,TRUE
-0.51670115872899,0.000161712161737604,0.352816031271447,0,TRUE,TRUE
-0.637286052436423,4.60594303254355e-06,0.312419768711124,3.89261956001974e-11,TRUE,TRUE
-0.488729225296677,0.00042155343105223,0.292207715677923,1.55254917810765e-08,TRUE,TRUE
-0.491703477676216,3.02290674610675e-05,0.329975927716191,6.44986020148508e-09,TRUE,TRUE
-0.402397653900308,0.00249689926533224,0.252043322846245,3.11054100254893e-08,TRUE,TRUE
-0.380486310082935,0.00218047039577393,0.299038911344412,8.93658143041876e-08,TRUE,TRUE
-0.441505063549976,0.000269117578081996,0.340785465842865,5.78447512111779e-10,TRUE,TRUE
-0.573829966719387,8.90437769606657e-05,0.26827667467435,2.68468656194898e-08,TRUE,TRUE
-0.561696955972419,3.55203888739995e-05,0.287129815039817,1.1630183927025e-08,TRUE,TRUE
-0.427504013169246,0.00111020015143414,0.206035535617735,2.42166069641669e-06,TRUE,TRUE
-0.628924971903221,7.72226547155959e-07,0.358738400221335,2.17603712826531e-14,TRUE,TRUE
-0.60500760241015,3.45915664718105e-06,0.251219799172412,1.99175886961278e-06,TRUE,TRUE
-0.66314331968148,1.08465940219045e-08,0.383642725474888,4.30766533554561e-14,TRUE,TRUE
-0.415060733679812,0.000786218845673405,0.334945724872473,8.38044078577127e-10,TRUE,TRUE
-0.531159979952461,3.0394208169429e-06,0.322849020251495,6.04735972409287e-09,TRUE,TRUE
-0.370232308837313,0.00479347952948568,0.284395387257142,1.5189467461596e-09,TRUE,TRUE
-0.546837947174005,1.75967070409089e-05,0.333629036434803,5.87259885165281e-09,TRUE,TRUE
-0.554431591735192,4.47806658118667e-05,0.383978353938876,1.0547118733939e-12,TRUE,TRUE
-0.460984188297372,0.00102808921021992,0.289929158220407,7.12419412352006e-09,TRUE,TRUE
-0.565669027632472,0.000237707204361679,0.213104519798443,3.23887134578982e-06,TRUE,TRUE
-0.565243656470771,4.01413551752884e-06,0.288830627078568,2.60287182118901e-06,TRUE,TRUE
-0.743397508809907,8.15943930501407e-08,0.273392109651049,1.49585059894264e-08,TRUE,TRUE
-0.418468767480034,0.00235548263859487,0.306729262657624,2.74497364838311e-08,TRUE,TRUE
-0.727677992617914,1.60802179894329e-09,0.387531990086308,1.77635683940025e-15,TRUE,TRUE
-0.687074721359968,1.68815390475429e-07,0.360802169718699,1.61801683162821e-11,TRUE,TRUE
-0.334138841540029,0.0141001923005576,0.249842800029798,2.6326081692396e-07,TRUE,TRUE
-0.574155402961996,5.57675151903547e-06,0.404181163041007,1.7705836796722e-12,TRUE,TRUE
-0.605642269818605,2.30146304100454e-07,0.386908700771999,6.66133814775094e-16,TRUE,TRUE
-0.440572015472729,0.00156374274626232,0.199286654066008,3.15300262012652e-05,TRUE,TRUE
-0.321504122024441,0.00624702494809411,0.323890340724095,2.452980041312e-10,TRUE,TRUE
-0.546228826259455,3.62655414130258e-05,0.267159985969833,3.26477937129255e-07,TRUE,TRUE
-0.443526286226979,7.81186351717541e-05,0.291572520324675,2.48871752095425e-07,TRUE,TRUE
-0.420618851421381,2.97072041192346e-05,0.361456629485524,1.04879438467265e-10,TRUE,TRUE
-0.554979548849546,1.60263300605597e-05,0.239486184255685,1.53513523091231e-05,TRUE,TRUE
-0.830710962368326,3.59377098481821e-09,0.359635449549763,1.11022302462516e-15,TRUE,TRUE
-0.378807019818852,0.00212354221649186,0.328323531636714,1.43053711099128e-08,TRUE,TRUE
-0.572142031343775,3.03382473775045e-05,0.363723252248384,3.10862446895044e-15,TRUE,TRUE
-0.493267069019197,0.000400423112785559,0.287449503029499,1.21018297605247e-08,TRUE,TRUE
-0.306232221009517,0.0149734245597378,0.287706068596403,5.02418565861973e-07,TRUE,TRUE
-0.53949295742871,3.37237852260614e-06,0.370495921984128,2.46469511466785e-14,TRUE,TRUE
-0.595822662164372,1.13740431499156e-05,0.255748059833781,8.05833977324255e-08,TRUE,TRUE
-0.550723192015411,5.5533636758856e-05,0.317676869102643,3.84763154670509e-09,TRUE,TRUE
-0.571670013024691,1.92569543277331e-06,0.348980605851873,7.57620632896305e-11,TRUE,TRUE
-0.507322386222157,0.000247974190452961,0.285522525477713,5.36466821632331e-07,TRUE,TRUE
-0.452054964142922,0.00118082139681923,0.320652523930571,1.71507252844094e-12,TRUE,TRUE
-0.410526524042025,0.00593206102833516,0.271370936229931,1.21692078636215e-09,TRUE,TRUE
-0.418686986561455,0.00121478819515382,0.253278431989482,1.33306339726857e-05,TRUE,TRUE
-0.399674534657845,0.00536076518896875,0.204315664325746,0.000118366053492247,TRUE,TRUE
-0.576077817345558,3.75696761384505e-06,0.242102925774151,2.57739203912699e-06,TRUE,TRUE
-0.436941350321592,0.00488808273474671,0.28866268038423,6.55670140403686e-09,TRUE,TRUE
-0.499785911290912,6.52599105889222e-05,0.324530285810846,2.45738118742622e-09,TRUE,TRUE
-0.627080951547123,5.54296012361129e-06,0.304707602633833,7.02196079060968e-10,TRUE,TRUE
-0.391196183495684,0.0011224894829886,0.289606002152877,3.58785283705032e-07,TRUE,TRUE
-0.30304668891287,0.00922317030926282,0.348769187237031,1.64757096854373e-13,TRUE,TRUE
-0.445523029780355,1.25369643501114e-05,0.430650787290165,1.55431223447522e-15,TRUE,TRUE
-0.293701718498313,0.0394054973601918,0.188892728765511,0.000103361609986363,TRUE,TRUE
-0.472865036670207,0.00026909984404046,0.299043689020148,2.98353006522589e-07,TRUE,TRUE
-0.563577150806644,1.08255093644491e-05,0.329998861962547,2.12017081668847e-08,TRUE,TRUE
-0.159661035486559,0.298403086551751,0.197747254995379,0.000289835117967874,TRUE,TRUE
-0.400735290950719,0.00609988037138794,0.305781930054568,8.28260948715354e-09,TRUE,TRUE
-0.620221602949657,6.62017436209476e-07,0.334067086720738,4.55852124936484e-08,TRUE,TRUE
-0.605520641975452,1.96241544621657e-08,0.459147744693464,0,TRUE,TRUE
-0.358512822021398,0.00134765657555751,0.278840982898658,3.44498337190302e-07,TRUE,TRUE
-0.582492684934039,1.03406807574325e-05,0.405070946180329,8.21565038222616e-15,TRUE,TRUE
-0.48796975802452,9.2219920653472e-05,0.330027829264171,3.49055184756253e-09,TRUE,TRUE
-0.425054954516139,0.00279967234290897,0.285597601148262,4.50084280956276e-09,TRUE,TRUE
